block,metric,n,friedman_chi2,friedman_p,kendalls_w
pairwise,SBERT,189,8.137566137565955,0.017098183164932407,0.021527952744883477
pairwise,DeltaCLI,189,0.9629629629630472,0.6178673543838867,0.0025475210660398074
pairwise,DeltaAoA,189,12.793650793650613,0.0016668404397098906,0.03384563702023972
pairwise,DeltaFKGL,189,150.1269841269841,2.5138514147816225e-33,0.3971613336692701
pairwise,DeltaMTLD,189,84.98412698412676,3.5150483300386665e-19,0.2248257327622401
pairwise,DeltaTier2Proxy,189,12.447682119205389,0.0019816190634531256,0.03293037597673383
