block,metric,n,friedman_chi2,friedman_p,kendalls_w
text_level,AoA,189,12.793650793650613,0.0016668404397098906,0.03384563702023972
text_level,FKGL,189,150.1269841269841,2.5138514147816225e-33,0.3971613336692701
text_level,CLI,189,1.4074074074073906,0.4947495006964576,0.0037233000195962714
text_level,MTLD,189,84.98412698412676,3.5150483300386665e-19,0.2248257327622401
text_level,Tier2Proxy,189,12.447682119205389,0.0019816190634531256,0.03293037597673383
