variant,aoa_mean,concreteness_mean,imageability_mean,fk_grade_mean,mtld_mean,cli_mean,tier2_proxy_token_ratio_mean
human::advanced,359.45025657936264,355.6263809192395,383.0060633617944,11.131343592648864,110.28547184057857,-0.1166924001470621,0.0963284227988258
human::elementary,340.9435098809855,355.6198941266088,383.2692590450933,8.155647386671006,83.9270100603344,0.1852871466750261,0.0689961633628217
