label,aoa,cli,tier2,fk
Human Advanced,359.45025657936264,-0.1166924001470621,0.0963284227988258,11.131343592648864
Human Elementary,340.9435098809855,0.1852871466750261,0.0689961633628217,8.155647386671006
zero_shot | 0.5,319.0304872299735,0.14565927477563226,0.05751139453564513,6.611009903230048
few_shot | 0.2,319.8623038315006,0.08001896932649726,0.05693687458136206,6.497792341966537
chain_of_thought | 0.2,319.0621488755388,0.07498756896028279,0.05675234240118001,6.397470789811941
