source_type,level,variant,aoa_count,aoa_mean,aoa_std,aoa_median,concreteness_count,concreteness_mean,concreteness_std,concreteness_median,imageability_count,imageability_mean,imageability_std,imageability_median,fk_grade_count,fk_grade_mean,fk_grade_std,fk_grade_median,mtld_count,mtld_mean,mtld_std,mtld_median,cli_count,cli_mean,cli_std,cli_median,tier2_proxy_token_ratio_count,tier2_proxy_token_ratio_mean,tier2_proxy_token_ratio_std,tier2_proxy_token_ratio_median
human_reference,Advanced,human_reference,189,365.42642534405786,23.614063543736403,367.0,189,372.2140122394244,14.929056692804714,370.280303030303,189,401.921204597186,14.621104517118846,400.456790123457,189,11.12559026028226,1.9188981539528742,11.007001434720234,189,109.86550035616813,22.35210390840707,109.8675671812464,189,0.05625974636209195,0.6985254384164283,0.0185672656922215,189,0.09632842279882589,0.040338317855100225,0.091970802919708
human_reference,Elementary,human_reference,189,346.319831646438,27.726793157904478,346.794117647059,189,364.9818026176543,17.268452830494873,363.686746987952,189,396.5906600548571,16.667956003890133,396.009090909091,189,8.197841919771712,1.429909538116323,8.054302008032131,189,84.35829059931042,16.226631952993554,83.29444444444445,189,0.21940048359559366,0.8102002804416344,0.1188283186123136,189,0.0689961633628217,0.03439310007724611,0.0650684931506849
human_reference,Intermediate,human_reference,189,355.0285463675719,30.063471099598445,355.46031746031747,189,354.8530004569851,17.531695448229744,352.3851851851852,189,382.18344282065374,16.412030606659723,380.38461538461536,189,9.842514681871451,1.639450090154776,9.640293040293042,189,99.83663375348655,19.196328153863018,99.07800141656487,189,-0.2756602299576886,0.828141196229701,-0.269770675333862,189,0.08784095948002854,0.038524126085901736,0.0842105263157894
