source_type,level,variant,aoa_count,aoa_mean,aoa_std,aoa_median,concreteness_count,concreteness_mean,concreteness_std,concreteness_median,imageability_count,imageability_mean,imageability_std,imageability_median,fk_grade_count,fk_grade_mean,fk_grade_std,fk_grade_median,mtld_count,mtld_mean,mtld_std,mtld_median,cli_count,cli_mean,cli_std,cli_median,tier2_proxy_token_ratio_count,tier2_proxy_token_ratio_mean,tier2_proxy_token_ratio_std,tier2_proxy_token_ratio_median
human_reference,Advanced,human::advanced,189,359.45025657936264,28.504419434904847,361.4035087719298,189,355.6263809192395,16.52703705731642,354.3154362416107,189,383.0060633617944,15.703451658487499,382.5891719745223,189,11.131343592648864,1.9220771982255085,11.004528437037395,189,110.28547184057855,22.682577867375592,109.46251884828033,189,-0.11669240014706214,0.7612833848150595,-0.1449168738455433,189,0.09632842279882589,0.040338317855100225,0.091970802919708
human_reference,Elementary,human::elementary,189,340.9435098809855,31.63611173310537,340.8181818181818,189,355.61989412660876,19.18528544015363,352.7083333333333,189,383.26925904509324,18.30167282300987,381.9390681003584,189,8.155647386671006,1.3972167074362571,8.070644668008047,189,83.9270100603344,15.882128918021802,83.29444444444445,189,0.18528714667502616,0.8850027962672614,0.112416147967011,189,0.0689961633628217,0.03439310007724611,0.0650684931506849
human_reference,Intermediate,human::intermediate,189,355.0285463675719,30.063471099598445,355.46031746031747,189,354.8530004569851,17.531695448229744,352.3851851851852,189,382.18344282065374,16.412030606659723,380.38461538461536,189,9.842514681871451,1.639450090154776,9.640293040293042,189,99.83663375348655,19.196328153863018,99.07800141656487,189,-0.06859474652796314,0.804231299037742,-0.0530668700242541,189,0.08784095948002854,0.038524126085901736,0.0842105263157894
